{"cameraMode":{"drawMode":0,"name":"Shaded","section":"Shading Mode"},"sceneLighting":false,"audioPlay":false,"sceneViewState":{"m_AlwaysRefresh":false,"showFog":true,"showSkybox":false,"showFlares":true,"showImageEffects":true,"showParticleSystems":true,"showVisualEffectGraphs":true,"m_FxEnabled":false},"in2DMode":false,"pivot":{"x":0.013836842961609364,"y":0.04187151417136192,"z":0.029909547418355943},"rotation":{"x":0.6062430143356323,"y":-0.009227213449776173,"z":0.02337629720568657,"w":0.7962779402732849},"size":0.16837453842163087,"orthographic":false}