{"cameraMode":{"drawMode":0,"name":"Shaded","section":"Shading Mode"},"sceneLighting":true,"audioPlay":false,"sceneViewState":{"m_AlwaysRefresh":false,"showFog":true,"showSkybox":true,"showFlares":true,"showImageEffects":true,"showParticleSystems":true,"showVisualEffectGraphs":true,"m_FxEnabled":false},"in2DMode":false,"pivot":{"x":-31.510217666625978,"y":6.904449462890625,"z":101.4684066772461},"rotation":{"x":-0.00817714910954237,"y":-0.017297249287366868,"z":0.04085541144013405,"w":1.000868558883667},"size":2.0268166065216066,"orthographic":false}