{"cameraMode":{"drawMode":0,"name":"Shaded","section":"Shading Mode"},"sceneLighting":false,"audioPlay":false,"sceneViewState":{"m_AlwaysRefresh":false,"showFog":true,"showSkybox":true,"showFlares":true,"showImageEffects":true,"showParticleSystems":true,"showVisualEffectGraphs":true,"m_FxEnabled":true},"in2DMode":false,"pivot":{"x":41.197471618652347,"y":4.106775760650635,"z":-6.233330726623535},"rotation":{"x":-0.018984608352184297,"y":0.7705632448196411,"z":-0.014992984011769295,"w":0.6387102603912354},"size":9.530660629272461,"orthographic":false}