{"cameraMode":{"drawMode":0,"name":"Shaded","section":"Shading Mode"},"sceneLighting":false,"audioPlay":false,"sceneViewState":{"m_AlwaysRefresh":false,"showFog":true,"showSkybox":false,"showFlares":true,"showImageEffects":true,"showParticleSystems":true,"showVisualEffectGraphs":true,"m_FxEnabled":true},"in2DMode":false,"pivot":{"x":-3.627467155456543,"y":0.4721818268299103,"z":-3.1729140281677248},"rotation":{"x":-0.01887410134077072,"y":0.0491492822766304,"z":0.0010379566811025143,"w":0.9989626407623291},"size":0.8660253882408142,"orthographic":false}