{"cameraMode":{"drawMode":0,"name":"Shaded","section":"Shading Mode"},"sceneLighting":true,"audioPlay":false,"sceneViewState":{"m_AlwaysRefresh":false,"showFog":true,"showSkybox":false,"showFlares":true,"showImageEffects":true,"showParticleSystems":true,"showVisualEffectGraphs":true,"m_FxEnabled":false},"in2DMode":false,"pivot":{"x":-0.47154033184051516,"y":-12.63119888305664,"z":17.420869827270509},"rotation":{"x":-0.31858983635902407,"y":0.029077300801873208,"z":-0.03966376930475235,"w":-0.9485569596290588},"size":12.12435531616211,"orthographic":false}