{"cameraMode":{"drawMode":0,"name":"Shaded","section":"Shading Mode"},"sceneLighting":true,"audioPlay":false,"sceneViewState":{"m_AlwaysRefresh":false,"showFog":true,"showSkybox":true,"showFlares":true,"showImageEffects":true,"showParticleSystems":true,"showVisualEffectGraphs":true,"m_FxEnabled":true},"in2DMode":false,"pivot":{"x":-30.180343627929689,"y":7.960058212280273,"z":7.7428131103515629},"rotation":{"x":0.011856823228299618,"y":-0.9880388975143433,"z":0.1588062047958374,"w":0.030890049412846566},"size":28.53059196472168,"orthographic":false}