{"cameraMode":{"drawMode":0,"name":"Shaded","section":"Shading Mode"},"sceneLighting":true,"audioPlay":false,"sceneViewState":{"m_AlwaysRefresh":false,"showFog":true,"showSkybox":true,"showFlares":true,"showImageEffects":true,"showParticleSystems":true,"showVisualEffectGraphs":true,"m_FxEnabled":true},"in2DMode":false,"pivot":{"x":-39.92072677612305,"y":15.329229354858399,"z":29.811532974243165},"rotation":{"x":0.11957096308469773,"y":0.8680058121681213,"z":-0.19023169577121736,"w":0.4481883645057678},"size":5.907681465148926,"orthographic":false}