{"cameraMode":{"drawMode":0,"name":"Shaded","section":"Shading Mode"},"sceneLighting":false,"audioPlay":false,"sceneViewState":{"m_AlwaysRefresh":false,"showFog":true,"showSkybox":false,"showFlares":true,"showImageEffects":true,"showParticleSystems":true,"showVisualEffectGraphs":true,"m_FxEnabled":true},"in2DMode":false,"pivot":{"x":-0.3458600342273712,"y":-2.847058057785034,"z":3.9254043102264406},"rotation":{"x":-0.007517871912568808,"y":-0.19025471806526185,"z":0.0022597075439989568,"w":-0.9820215106010437},"size":4.330138206481934,"orthographic":false}