{"cameraMode":{"drawMode":0,"name":"Shaded","section":"Shading Mode"},"sceneLighting":true,"audioPlay":false,"sceneViewState":{"m_AlwaysRefresh":false,"showFog":true,"showSkybox":false,"showFlares":true,"showImageEffects":true,"showParticleSystems":true,"showVisualEffectGraphs":true,"m_FxEnabled":true},"in2DMode":false,"pivot":{"x":0.08503341674804688,"y":0.8045351505279541,"z":0.050160057842731479},"rotation":{"x":0.24536429345607758,"y":-0.5646800994873047,"z":0.1537233144044876,"w":0.7743387818336487},"size":0.21650634706020356,"orthographic":false}