{"cameraMode":{"drawMode":0,"name":"Shaded","section":"Shading Mode"},"sceneLighting":false,"audioPlay":false,"sceneViewState":{"m_AlwaysRefresh":false,"showFog":true,"showSkybox":false,"showFlares":true,"showImageEffects":true,"showParticleSystems":true,"showVisualEffectGraphs":true,"m_FxEnabled":false},"in2DMode":false,"pivot":{"x":-0.000010967254638671875,"y":-3.999997138977051,"z":3.4999899864196779},"rotation":{"x":-0.07286423444747925,"y":0.4182400107383728,"z":-0.030388139188289644,"w":-0.9052422046661377},"size":5.545291900634766,"orthographic":false}