{"cameraMode":{"drawMode":0,"name":"Shaded","section":"Shading Mode"},"sceneLighting":false,"audioPlay":false,"sceneViewState":{"m_AlwaysRefresh":false,"showFog":true,"showSkybox":false,"showFlares":true,"showImageEffects":true,"showParticleSystems":true,"showVisualEffectGraphs":true,"m_FxEnabled":true},"in2DMode":false,"pivot":{"x":0.23580318689346314,"y":-0.580914318561554,"z":0.8858667016029358},"rotation":{"x":-0.001949611702002585,"y":-0.9858211874961853,"z":0.1678183525800705,"w":-0.013370086438953877},"size":3.570714235305786,"orthographic":false}