{"cameraMode":{"drawMode":0,"name":"Shaded","section":"Shading Mode"},"sceneLighting":false,"audioPlay":false,"sceneViewState":{"m_AlwaysRefresh":false,"showFog":true,"showSkybox":false,"showFlares":true,"showImageEffects":true,"showParticleSystems":true,"showVisualEffectGraphs":true,"m_FxEnabled":true},"in2DMode":false,"pivot":{"x":2.6404123306274416,"y":3.737126111984253,"z":1.0679227113723755},"rotation":{"x":-0.10605309903621674,"y":0.7536983489990234,"z":-0.12507827579975129,"w":-0.6366541385650635},"size":2.3056862354278566,"orthographic":false}