{"cameraMode":{"drawMode":0,"name":"Shaded","section":"Shading Mode"},"sceneLighting":true,"audioPlay":false,"sceneViewState":{"m_AlwaysRefresh":false,"showFog":true,"showSkybox":false,"showFlares":true,"showImageEffects":true,"showParticleSystems":true,"showVisualEffectGraphs":true,"m_FxEnabled":false},"in2DMode":false,"pivot":{"x":19.06438636779785,"y":2.3771677017211916,"z":12.253214836120606},"rotation":{"x":-0.02707934007048607,"y":0.47597000002861025,"z":0.014246935956180096,"w":0.8791801333427429},"size":12.12435531616211,"orthographic":false}