{"cameraMode":{"drawMode":0,"name":"Shaded","section":"Shading Mode"},"sceneLighting":false,"audioPlay":false,"sceneViewState":{"m_AlwaysRefresh":false,"showFog":true,"showSkybox":false,"showFlares":true,"showImageEffects":true,"showParticleSystems":true,"showVisualEffectGraphs":true,"m_FxEnabled":true},"in2DMode":false,"pivot":{"x":-0.09389540553092957,"y":0.5422644019126892,"z":1.5329338312149048},"rotation":{"x":-0.03582749515771866,"y":0.9614179134368897,"z":-0.22643724083900453,"w":-0.15209490060806275},"size":1.6993861198425294,"orthographic":false}