{"cameraMode":{"drawMode":0,"name":"Shaded","section":"Shading Mode"},"sceneLighting":true,"audioPlay":false,"sceneViewState":{"m_AlwaysRefresh":false,"showFog":true,"showSkybox":false,"showFlares":true,"showImageEffects":true,"showParticleSystems":true,"showVisualEffectGraphs":true,"m_FxEnabled":true},"in2DMode":false,"pivot":{"x":1.4503405094146729,"y":0.2953416407108307,"z":-0.285360187292099},"rotation":{"x":-0.05425625666975975,"y":-0.9451034069061279,"z":0.20917187631130219,"w":-0.24516309797763825},"size":1.6993861198425294,"orthographic":false}