{"cameraMode":{"drawMode":0,"name":"Shaded","section":"Shading Mode"},"sceneLighting":true,"audioPlay":false,"sceneViewState":{"m_AlwaysRefresh":false,"showFog":true,"showSkybox":true,"showFlares":true,"showImageEffects":true,"showParticleSystems":true,"showVisualEffectGraphs":true,"m_FxEnabled":false},"in2DMode":false,"pivot":{"x":-0.3662443161010742,"y":-0.07458102703094483,"z":18.310932159423829},"rotation":{"x":0.0484924279153347,"y":-0.06337748467922211,"z":-0.00047155050560832024,"w":0.9974600076675415},"size":10.286447525024414,"orthographic":false}