{"cameraMode":{"drawMode":0,"name":"Shaded","section":"Shading Mode"},"sceneLighting":true,"audioPlay":false,"sceneViewState":{"m_AlwaysRefresh":false,"showFog":true,"showSkybox":true,"showFlares":true,"showImageEffects":true,"showParticleSystems":true,"showVisualEffectGraphs":true,"m_FxEnabled":false},"in2DMode":false,"pivot":{"x":-102.60628509521485,"y":-12.369390487670899,"z":27.022171020507814},"rotation":{"x":0.030203046277165414,"y":-0.9063695669174194,"z":0.08422847837209702,"w":0.4161885380744934},"size":53.632652282714847,"orthographic":false}