{"cameraMode":{"drawMode":0,"name":"Shaded","section":"Shading Mode"},"sceneLighting":true,"audioPlay":false,"sceneViewState":{"m_AlwaysRefresh":false,"showFog":true,"showSkybox":true,"showFlares":true,"showImageEffects":true,"showParticleSystems":true,"showVisualEffectGraphs":true,"m_FxEnabled":false},"in2DMode":false,"pivot":{"x":-46.258060455322269,"y":2.2580435276031496,"z":-12.420845031738282},"rotation":{"x":-0.02031315490603447,"y":0.9517636895179749,"z":-0.06127259507775307,"w":-0.3019474148750305},"size":2.6025123596191408,"orthographic":false}