{"cameraMode":{"drawMode":0,"name":"Shaded","section":"Shading Mode"},"sceneLighting":true,"audioPlay":false,"sceneViewState":{"m_AlwaysRefresh":false,"showFog":true,"showSkybox":true,"showFlares":true,"showImageEffects":true,"showParticleSystems":true,"showVisualEffectGraphs":true,"m_FxEnabled":false},"in2DMode":false,"pivot":{"x":30.707746505737306,"y":-3.026818037033081,"z":10.166895866394043},"rotation":{"x":-0.13062219321727754,"y":0.1383388787508011,"z":-0.013065299019217492,"w":-0.9823794960975647},"size":10.705845832824707,"orthographic":false}