{"cameraMode":{"drawMode":0,"name":"Shaded","section":"Shading Mode"},"sceneLighting":true,"audioPlay":false,"sceneViewState":{"m_AlwaysRefresh":false,"showFog":true,"showSkybox":true,"showFlares":true,"showImageEffects":true,"showParticleSystems":true,"showVisualEffectGraphs":true,"m_FxEnabled":false},"in2DMode":false,"pivot":{"x":-22.235475540161134,"y":4.1493000984191898,"z":1.365769863128662},"rotation":{"x":-0.022629089653491975,"y":-0.6641750931739807,"z":-0.021044842898845674,"w":0.7472182512283325},"size":14.654075622558594,"orthographic":false}