{"cameraMode":{"drawMode":0,"name":"Shaded","section":"Shading Mode"},"sceneLighting":true,"audioPlay":false,"sceneViewState":{"m_AlwaysRefresh":false,"showFog":true,"showSkybox":true,"showFlares":true,"showImageEffects":true,"showParticleSystems":true,"showVisualEffectGraphs":true,"m_FxEnabled":false},"in2DMode":false,"pivot":{"x":16.581750869750978,"y":2.8328981399536135,"z":22.94687271118164},"rotation":{"x":0.022107988595962526,"y":0.28232452273368838,"z":-0.007980029098689556,"w":0.9595440626144409},"size":15.313508987426758,"orthographic":false}