{"cameraMode":{"drawMode":0,"name":"Shaded","section":"Shading Mode"},"sceneLighting":true,"audioPlay":false,"sceneViewState":{"m_AlwaysRefresh":false,"showFog":true,"showSkybox":false,"showFlares":true,"showImageEffects":true,"showParticleSystems":true,"showVisualEffectGraphs":true,"m_FxEnabled":true},"in2DMode":false,"pivot":{"x":-2.0243239402770998,"y":1.2579524517059327,"z":0.9132962822914124},"rotation":{"x":0.07238426804542542,"y":0.8563262820243836,"z":-0.09882643818855286,"w":0.5034597516059876},"size":0.21650634706020356,"orthographic":false}