{"cameraMode":{"drawMode":0,"name":"Shaded","section":"Shading Mode"},"sceneLighting":false,"audioPlay":false,"sceneViewState":{"m_AlwaysRefresh":false,"showFog":true,"showSkybox":false,"showFlares":true,"showImageEffects":true,"showParticleSystems":true,"showVisualEffectGraphs":true,"m_FxEnabled":true},"in2DMode":false,"pivot":{"x":-0.04907527565956116,"y":0.7914759516716003,"z":0.012007847428321839},"rotation":{"x":-0.07935278117656708,"y":-0.8047080039978027,"z":0.11132441461086273,"w":-0.5781174302101135},"size":0.21650634706020356,"orthographic":false}