{"cameraMode":{"drawMode":0,"name":"Shaded","section":"Shading Mode"},"sceneLighting":false,"audioPlay":false,"sceneViewState":{"m_AlwaysRefresh":false,"showFog":true,"showSkybox":false,"showFlares":true,"showImageEffects":true,"showParticleSystems":true,"showVisualEffectGraphs":true,"m_FxEnabled":false},"in2DMode":false,"pivot":{"x":-2.448936939239502,"y":-5.9697346687316898,"z":4.380592346191406},"rotation":{"x":-0.09235239773988724,"y":0.0023395786993205549,"z":0.002795833395794034,"w":-0.9960343241691589},"size":8.17364501953125,"orthographic":false}