{"cameraMode":{"drawMode":0,"name":"Shaded","section":"Shading Mode"},"sceneLighting":false,"audioPlay":false,"sceneViewState":{"m_AlwaysRefresh":false,"showFog":true,"showSkybox":false,"showFlares":true,"showImageEffects":true,"showParticleSystems":true,"showVisualEffectGraphs":true,"m_FxEnabled":false},"in2DMode":false,"pivot":{"x":-7.059574604034424,"y":-4.197250843048096,"z":3.8886847496032717},"rotation":{"x":-0.0016504351515322924,"y":0.24270154535770417,"z":0.002684313803911209,"w":-0.9704170227050781},"size":7.5000386238098148,"orthographic":false}