{"cameraMode":{"drawMode":0,"name":"Shaded","section":"Shading Mode"},"sceneLighting":false,"audioPlay":false,"sceneViewState":{"m_AlwaysRefresh":false,"showFog":true,"showSkybox":false,"showFlares":true,"showImageEffects":true,"showParticleSystems":true,"showVisualEffectGraphs":true,"m_FxEnabled":false},"in2DMode":false,"pivot":{"x":-3.3004369735717775,"y":-2.577979564666748,"z":2.0150485038757326},"rotation":{"x":-0.006094004027545452,"y":0.29473355412483218,"z":0.0012636120663955808,"w":-0.9558853507041931},"size":4.330138206481934,"orthographic":false}