{"cameraMode":{"drawMode":0,"name":"Shaded","section":"Shading Mode"},"sceneLighting":false,"audioPlay":false,"sceneViewState":{"m_AlwaysRefresh":false,"showFog":true,"showSkybox":false,"showFlares":true,"showImageEffects":true,"showParticleSystems":true,"showVisualEffectGraphs":true,"m_FxEnabled":false},"in2DMode":false,"pivot":{"x":-4.427941799163818,"y":-2.7079389095306398,"z":1.0960040092468262},"rotation":{"x":-0.013135600835084916,"y":0.3738895356655121,"z":-0.002059061313048005,"w":-0.9277141094207764},"size":4.330138206481934,"orthographic":false}