{"cameraMode":{"drawMode":0,"name":"Shaded","section":"Shading Mode"},"sceneLighting":false,"audioPlay":false,"sceneViewState":{"m_AlwaysRefresh":false,"showFog":true,"showSkybox":false,"showFlares":true,"showImageEffects":true,"showParticleSystems":true,"showVisualEffectGraphs":true,"m_FxEnabled":false},"in2DMode":false,"pivot":{"x":-2.500001907348633,"y":-2.4999916553497316,"z":2.4999938011169435},"rotation":{"x":-0.0016504351515322924,"y":0.24270154535770417,"z":0.002684313803911209,"w":-0.9704170227050781},"size":4.330138206481934,"orthographic":false}