{"cameraMode":{"drawMode":0,"name":"Shaded","section":"Shading Mode"},"sceneLighting":true,"audioPlay":false,"sceneViewState":{"m_AlwaysRefresh":false,"showFog":true,"showSkybox":true,"showFlares":true,"showImageEffects":true,"showParticleSystems":true,"showVisualEffectGraphs":true,"m_FxEnabled":false},"in2DMode":false,"pivot":{"x":56.00172805786133,"y":-7.482950687408447,"z":29.919841766357423},"rotation":{"x":0.001660238835029304,"y":-0.9960761070251465,"z":0.09049271047115326,"w":0.012789074331521988},"size":9.959541320800782,"orthographic":false}