{"cameraMode":{"drawMode":0,"name":"Shaded","section":"Shading Mode"},"sceneLighting":false,"audioPlay":false,"sceneViewState":{"m_AlwaysRefresh":false,"showFog":true,"showSkybox":false,"showFlares":true,"showImageEffects":true,"showParticleSystems":true,"showVisualEffectGraphs":true,"m_FxEnabled":true},"in2DMode":false,"pivot":{"x":-3.8408288955688478,"y":-2.7742233276367189,"z":1.8617538213729859},"rotation":{"x":0.044096704572439197,"y":-0.7204245924949646,"z":0.0342600978910923,"w":0.6931069493293762},"size":4.630138397216797,"orthographic":false}